{
    "loss": 0.7865707874298096,
    "accuracy": 0.5972222089767456
}