{
    "loss": 0.3452926278114319,
    "accuracy": 0.8627451062202454
}