{
    "loss": 0.0764155164361,
    "accuracy": 0.970588207244873
}